{
  "id": "24dcb4d6-9ab1-4ecc-982b-c88c2fb6ae86",
  "alias": "AtlasTilesConnectWebPart",
  "componentType": "WebPart",
  "version": "0.0.1",
  "manifestVersion": 2,
  "requiresCustomScript": false,
  "supportsFullBleed": true,
  "supportedHosts": [
    "SharePointWebPart",
    "TeamsPersonalApp",
    "TeamsTab",
    "SharePointFullPage"
  ],
  "supportsThemeVariants": true,
  "preconfiguredEntries": [
    {
      "groupId": "5c03119e-3074-46fd-976b-c60198311f70",
      "group": {
        "default": "Other"
      },
      "title": {
        "default": "Atlas_Tiles_CONNECT"
      },
      "description": {
        "default": "Atlas_Tiles_CONNECT description"
      },
      "officeFabricIconFontName": "Page",
      "properties": {
        "description": "Atlas_Tiles_CONNECT",
        "Hyperlink": "TESTIMGLINK",
        "ImageURL": "TESTHYPLINK"
      }
    }
  ],
  "loaderConfig": {
    "internalModuleBaseUrls": [
      "<!-- PATH TO CDN -->"
    ],
    "entryModuleId": "atlas-tiles-connect-web-part",
    "scriptResources": {
      "atlas-tiles-connect-web-part": {
        "type": "path",
        "path": "atlas-tiles-connect-web-part_89c3d652cbc4338d5f98.js"
      },
      "@microsoft/sp-property-pane": {
        "type": "component",
        "id": "f9e737b7-f0df-4597-ba8c-3060f82380db",
        "version": "1.13.1"
      },
      "@microsoft/sp-loader": {
        "type": "component",
        "id": "1c6c9123-7aac-41f3-a376-3caea41ed83f",
        "version": "1.13.1"
      },
      "@microsoft/sp-lodash-subset": {
        "type": "component",
        "id": "73e1dc6c-8441-42cc-ad47-4bd3659f8a3a",
        "version": "1.13.1"
      },
      "@microsoft/sp-core-library": {
        "type": "component",
        "id": "7263c7d0-1d6a-45ec-8d85-d4d1d234171b",
        "version": "1.13.1"
      },
      "@microsoft/sp-webpart-base": {
        "type": "component",
        "id": "974a7777-0990-4136-8fa6-95d80114c2e0",
        "version": "1.13.1"
      },
      "react": {
        "type": "component",
        "id": "0d910c1c-13b9-4e1c-9aa4-b008c5e42d7d",
        "version": "16.13.1"
      },
      "react-dom": {
        "type": "component",
        "id": "aa0a46ec-1505-43cd-a44a-93f3a5aa460a",
        "version": "16.13.1"
      },
      "AtlasTilesConnectWebPartStrings": {
        "type": "path",
        "path": "AtlasTilesConnectWebPartStrings_en-us_cf02120673db9e8d692ff66ffc2a8128.js"
      },
      "@microsoft/sp-http": {
        "type": "component",
        "id": "c07208f0-ea3b-4c1a-9965-ac1b825211a6",
        "version": "1.13.1"
      },
      "PropertyControlStrings": {
        "type": "localizedPath",
        "paths": {
          "bg-BG": "PropertyControlStrings_bg-bg_0f530fd9341d511d823f544336e05451.js",
          "ca-ES": "PropertyControlStrings_ca-es_d0bea49bdde90c515176e5ca95aa4505.js",
          "da-DK": "PropertyControlStrings_da-dk_09260ca2ba6359b55c5cc2de35476162.js",
          "de-DE": "PropertyControlStrings_de-de_26e838864f35345662f9cb69d075fc59.js",
          "el-GR": "PropertyControlStrings_el-gr_8a3df889e1de9d5be1de15247b784967.js",
          "en-US": "PropertyControlStrings_en-us_8d31c2c7b3eabe41420cdd4d07649433.js",
          "es-ES": "PropertyControlStrings_es-es_bf3fed45d9ab4bfcbc1a8f1154ed3efd.js",
          "et-EE": "PropertyControlStrings_et-ee_0185ff30ae87ce90e4e92ca552c72113.js",
          "fi-FI": "PropertyControlStrings_fi-fi_e66a7d8987f635dff1180d38d4f4be02.js",
          "fr-FR": "PropertyControlStrings_fr-fr_10fb9a63e4d55688a6a32651ecd0d7c2.js",
          "it-IT": "PropertyControlStrings_it-it_579aa7ec6184af74b68c440d900fcb7c.js",
          "ja-JP": "PropertyControlStrings_ja-jp_6faa5fb558332503e84dbc4ba1ec61ec.js",
          "lt-LT": "PropertyControlStrings_lt-lt_c33bb88fb983aad30cc086b3a21bc9c0.js",
          "lv-LV": "PropertyControlStrings_lv-lv_b8a04cf55550c75c8330aee5c48ef7ec.js",
          "nb-NO": "PropertyControlStrings_nb-no_c8c149a62776c9fd5fbde81d4afe2f88.js",
          "nl-NL": "PropertyControlStrings_nl-nl_bb4b9bbcf3528f84f65c176d10697197.js",
          "no": "PropertyControlStrings_no_ffa809fb347866c01f72c107382c6e6e.js",
          "pl-PL": "PropertyControlStrings_pl-pl_b29005ae2cc04860a049f69dfb1b386c.js",
          "pt-PT": "PropertyControlStrings_pt-pt_7fc41a3593a2c19de649ddfd9131fbf9.js",
          "ro-RO": "PropertyControlStrings_ro-ro_ea10add64697b82579199bba6fb33c1b.js",
          "ru-RU": "PropertyControlStrings_ru-ru_374991af888dea8806509ee0d8dd0593.js",
          "sk-SK": "PropertyControlStrings_sk-sk_469150295d10e7f0030756f1a4f98d92.js",
          "sr-Latn-RS": "PropertyControlStrings_sr-latn-rs_e4e114a085eae9b87ea6f63a577ed836.js",
          "sv-SE": "PropertyControlStrings_sv-se_8a45b8df6db70f6d875ae3cbcb0bfcb2.js",
          "tr-TR": "PropertyControlStrings_tr-tr_d5426979b2be36a1121cf27a106d30e0.js",
          "vi-VN": "PropertyControlStrings_vi-vn_f80d9ea3b90ca91c58c3c42b89f8bf41.js",
          "zh-CN": "PropertyControlStrings_zh-cn_0e28954ea11f5378ff43ace8394b8355.js",
          "zh-TW": "PropertyControlStrings_zh-tw_b8ea9e303468568f4c4f40e6502e5b93.js"
        },
        "defaultPath": "PropertyControlStrings_en-us_8d31c2c7b3eabe41420cdd4d07649433.js"
      }
    }
  }
}